value,anomaly_score,label
0.064534524,0.0,0.0
0.064295318,0.0,0.0
0.063879838,0.0,0.0
0.065691833,0.0,0.0
0.056301242,0.0,0.0
0.067750636,0.0,0.0
0.0,0.0,0.0
0.0652879079999999,0.0,0.0
0.063178539,0.0,0.0
0.0,0.0,0.0
0.0,0.0,0.0
0.0,0.0,0.0
0.0659320759999999,0.0,0.0
0.068277308,0.0,0.0
0.0,0.0,0.0
0.062787234,0.0,0.0
0.0665775659999999,0.0,0.0
0.077044715,0.0,0.0
0.075116301,0.0,0.0
0.07199654,0.0,0.0
0.0,0.0,0.0
0.0,0.0,0.0
0.061142873,0.0,0.0
0.0,0.0,0.0
0.04943192,0.0,0.0
0.071269501,0.0,0.0
0.064887449,0.0,0.0
0.079126387,0.0,0.0
0.079692364,0.0,0.0
0.064561804,0.0,0.0
0.076985488,0.0,0.0
0.071985259,0.0,0.0
0.066090552,0.0,0.0
0.064693249,0.0,0.0
0.064608783,0.0,0.0
0.067478103,0.0,0.0
0.069862932,0.0,0.0
0.06589513,0.0,0.0
0.065224467,0.0,0.0
0.058982897,0.0,0.0
0.0,0.0,0.0
0.0,0.0,0.0
0.0,0.0,0.0
0.075375982,0.0,0.0
0.068337687,0.0,0.0
0.077055882,0.0,0.0
0.085102868,0.0,0.0
0.074617078,0.0,0.0
0.073783769,0.0,0.0
0.067219689,0.0,0.0
0.082650582,0.0,0.0
0.071369655,0.0,0.0
0.074396641,0.0,0.0
0.11970953,0.0,0.0
0.067314457,0.0,0.0
0.072558182,0.0,0.0
0.067285087,0.0,0.0
0.070712037,0.0,0.0
0.064641756,0.0,0.0
0.073068096,0.0,0.0
0.0705747479999999,0.0,0.0
0.066541138,0.0,0.0
0.070966409,0.0,0.0
0.072068935,0.0,0.0
0.068014095,0.0,0.0
0.069069546,0.0,0.0
0.066306158,0.0,0.0
0.071656362,0.0,0.0
0.070537682,0.0,0.0
0.069981819,0.0,0.0
0.063712692,0.0,0.0
0.0759290659999999,0.0,0.0
0.068992963,0.0,0.0
0.073445647,0.0,0.0
0.07052242,0.0,0.0
0.226947951,0.0,0.0
0.0770232,0.0,0.0
0.072146928,0.0,0.0
0.070184442,0.0,0.0
0.071785589,0.0,0.0
0.0714349079999999,0.0,0.0
0.065622919,0.0,0.0
0.081242128,0.0,0.0
0.093692864,0.0,0.0
0.090847328,0.0,0.0
0.086801539,0.0,0.0
0.072789827,0.0,0.0
0.0752739229999999,0.0,0.0
0.0,0.0,0.0
0.074694667,0.0,0.0
0.070129173,0.0,0.0
0.080410458,0.0,0.0
0.067807492,0.0,0.0
0.081913164,0.0,0.0
0.0,0.0,0.0
0.112033203,0.0,0.0
0.089263947,0.0,0.0
0.071310352,0.0,0.0
0.073491377,0.0,0.0
0.062912334,0.0,0.0
0.060903851,0.0,0.0
0.055824222,0.0,0.0
0.062922219,0.0,0.0
0.0772256259999999,0.0,0.0
0.083142297,0.0,0.0
0.078444249,0.0,0.0
0.0702879429999999,0.0,0.0
0.067850363,0.0,0.0
0.066507083,0.0,0.0
0.072771192,0.0,0.0
0.058495297,0.0,0.0
0.057057806,0.0,0.0
0.058605791,0.0,0.0
0.058052596,0.0,0.0
0.051507674,0.0,0.0
0.0,0.0,0.0
0.0,0.0,0.0
0.069990465,0.0,0.0
0.081846427,0.0,0.0
0.0688408859999999,0.0,0.0
0.065170985,0.0,0.0
0.0,0.0,0.0
0.074625214,0.0,0.0
0.068300284,0.0,0.0
0.065351057,0.0,0.0
0.068766445,0.0,0.0
0.065444042,0.0,0.0
0.073886382,0.0,0.0
0.072648136,0.0,0.0
0.070162658,0.0,0.0
0.078440291,0.0,0.0
0.080437172,0.0,0.0
0.074335158,0.0,0.0
0.070396356,0.0,0.0
0.068971142,0.0,0.0
0.06825881,0.0,0.0
0.072411754,0.0,0.0
0.0,0.0,0.0
0.083314965,0.0,0.0
0.0,0.0,0.0
0.0,0.0,0.0
0.0726545609999999,0.0,0.0
0.070770578,0.0,0.0
0.06535992,0.0,0.0
0.065162167,0.0,0.0
0.072056066,0.0,0.0
0.085815709,0.0,0.0
0.101067175,0.0,0.0
0.102269133,0.0,0.0
0.07337235,0.0,0.0
0.086461415,0.0,0.0
0.122939428,0.0,0.0
0.648676709,0.0,0.0
0.085586475,0.0,0.0
0.070694787,0.0,0.0
0.095611246,0.0,0.0
0.0,0.0,0.0
0.0696317809999999,0.0,0.0
0.0,0.0,0.0
0.065337805,0.0,0.0
0.069423449,0.0,0.0
0.089264929,0.0,0.0
0.066457554,0.0,0.0
0.0,0.0,0.0
0.0,0.0,0.0
0.072760044,0.0,0.0
0.077930063,0.0,0.0
0.0808986159999999,0.0,0.0
0.0901801,0.0,0.0
0.096584395,0.0,0.0
0.0,0.0,0.0
0.0,0.0,0.0
0.073069589,0.0,0.0
0.0752683109999999,0.0,0.0
0.080200333,0.0,0.0
0.081870055,0.0,0.0
0.066538187,0.0,0.0
0.06486616,0.0,0.0
0.078202243,0.0,0.0
0.08467332,0.0,0.0
0.077211048,0.0,0.0
0.072798011,0.0,0.0
0.061893388,0.0,0.0
0.084999126,0.0,0.0
0.060609814,0.0,0.0
0.058301397,0.0,0.0
0.068059045,0.0,0.0
0.0,0.0,0.0
0.0653357879999999,0.0,0.0
0.0652232829999999,0.0,0.0
0.066603504,0.0,0.0
0.064493822,0.0,0.0
0.063759473,0.0,0.0
0.0,0.0,0.0
0.078130967,0.0,0.0
0.065035345,0.0,0.0
0.0732879479999999,0.0,0.0
0.078835874,0.0,0.0
0.061821222,0.0,0.0
0.058587455,0.0,0.0
0.072103732,0.0,0.0
0.06053375,0.0,0.0
0.07560126,0.0,0.0
0.066407159,0.0,0.0
0.066940445,0.0,0.0
0.067622642,0.0,0.0
0.06494316,0.0,0.0
0.07410472,0.0,0.0
0.0,0.0,0.0
0.0,0.0,0.0
0.076853483,0.0,0.0
0.075200748,0.0,0.0
0.0722623959999999,0.0,0.0
0.0726771559999999,0.0,0.0
0.0,0.0,0.0
0.074125749,0.0,0.0
0.071203032,0.0,0.0
0.076607068,0.0,0.0
0.0,0.0,0.0
0.0,0.0,0.0
0.072540702,0.0,0.0
0.0,0.0,0.0
0.0,0.0,0.0
0.072589764,0.0,0.0
0.073043263,0.0,0.0
0.071478658,0.0,0.0
0.06925759,0.0,0.0
0.074117643,0.0,0.0
0.083657749,0.0,0.0
0.100010991,0.0,0.0
0.081676399,0.0,0.0
0.06905876,0.0,0.0
0.076641826,0.0,0.0
0.065264078,0.0,0.0
0.061516019,0.0,0.0
0.064245564,0.0,0.0
0.067416084,0.0,0.0
0.065174883,0.0,0.0
0.063981892,0.0,0.0
0.070781631,0.0,0.0
0.07091886,0.0,0.0
0.072767741,0.0,0.0
0.066281284,0.0,0.0
0.068282272,0.0,0.0
0.072731916,0.0,0.0
0.531583598,0.0,0.0
0.0,0.0,0.0
0.0675856,0.0,0.0
0.069346799,0.0,0.0
0.069808377,0.0,0.0
0.064024417,0.0,0.0
0.059894006,0.0,0.0
0.0,0.0,0.0
0.052889268,0.0,0.0
0.069996505,0.0,0.0
0.090819702,0.0,0.0
0.092357278,0.0,0.0
0.073224392,0.0,0.0
0.074288471,0.0,0.0
0.0801445059999999,0.0,0.0
0.096451795,0.0,0.0
0.0824966729999999,0.0,0.0
0.06315431,0.0,0.0
0.062846261,0.0,0.0
0.067098234,0.0,0.0
0.070040669,0.0,0.0
0.151596686,0.0,0.0
0.075223056,0.0,0.0
0.07014687,0.0,0.0
0.06984607,0.0,0.0
0.0,0.0,0.0
0.067074281,0.0,0.0
0.069360377,0.0,0.0
0.06914248,0.0,0.0
0.070213866,0.0,0.0
0.076050628,0.0,0.0
0.086771271,0.0,0.0
0.072209089,0.0,0.0
0.063050624,0.0,0.0
0.0732764009999999,0.0,0.0
0.07553544,0.0,0.0
0.071689969,0.0,0.0
0.070439837,0.0,0.0
0.063566086,0.0,0.0
0.059849366,0.0,0.0
0.061594495,0.0,0.0
0.066851831,0.0,0.0
0.062975055,0.0,0.0
0.064608037,0.0,0.0
0.061033292,0.0,0.0
0.063397739,0.0,0.0
0.059772211,0.0,0.0
0.068874465,0.0,0.0
0.082920038,0.0,0.0
0.085849524,0.0,0.0
0.0,0.0,0.0
0.0,0.0,0.0
0.117173433,0.0,0.0
0.05802717,0.0,0.0
0.0,0.0,0.0
0.0,0.0,0.0
0.110067689,0.0,0.0
0.113982558,0.0,0.0
0.0,0.0,0.0
0.0,0.0,0.0
0.0,0.0,0.0
0.0,0.0,0.0
0.0,0.0,0.0
0.0,0.0,0.0
0.0,0.0,0.0
0.0,0.0,0.0
0.0,0.0,0.0
0.0,0.0,0.0
0.0,0.0,0.0
0.0,0.0,0.0
0.0,0.0,0.0
0.0,0.0,0.0
0.0,0.0,0.0
0.0,0.0,0.0
0.0,0.0,0.0
0.0,0.0,0.0
0.0,0.0,0.0
0.0,0.0,0.0
0.0,0.0,0.0
0.0,0.0,0.0
0.0,0.0,0.0
0.0,0.0,0.0
0.0,0.0,0.0
0.0,0.0,0.0
0.03192997,0.0,0.0
0.0,0.0,0.0
0.0,0.0,0.0
0.0,0.0,0.0
0.0,0.0,0.0
0.0,0.0,0.0
0.0,0.0,0.0
0.0,0.0,0.0
0.0,0.0,0.0
0.0,0.0,0.0
0.0,0.0,0.0
0.0,0.0,0.0
0.0,0.0,0.0
0.0,0.0,0.0
0.0,0.0,0.0
0.0,0.0,0.0
0.0,0.0,0.0
0.0,0.0,0.0
0.0,0.0,0.0
0.0,0.0,0.0
0.0,0.0,0.0
0.0,0.0,0.0
0.0,0.0,0.0
0.0,0.0,0.0
0.0,0.0,0.0
0.0,0.0,0.0
0.0,0.0,0.0
0.0,0.0,0.0
0.0,0.0,0.0
0.0,0.0,0.0
0.0,0.0,0.0
0.0,0.0,0.0
0.0,0.0,0.0
0.0,0.0,0.0
0.0,0.0,0.0
0.0,0.0,0.0
0.0,0.0,0.0
0.0,0.0,0.0
0.0,0.0,0.0
0.0,0.0,0.0
0.0,0.0,0.0
0.0,0.0,0.0
0.0,0.0,0.0
0.0,0.0,0.0
0.0,0.0,0.0
0.0,0.0,0.0
0.0,0.0,0.0
0.0,0.0,0.0
0.0,0.0,0.0
0.0,0.0,0.0
0.0,0.0,0.0
0.0,0.0,0.0
0.0,0.0,0.0
0.0,0.0,0.0
0.0,0.0,0.0
0.0,0.0,0.0
0.0,0.0,0.0
0.0,0.0,0.0
0.0,0.0,0.0
0.0,0.0,0.0
0.0,0.0,0.0
0.0,0.0,0.0
0.0,0.0,0.0
0.0,0.0,0.0
0.0,0.0,0.0
0.0,0.0,0.0
0.0,0.0,0.0
0.0,0.0,0.0
0.0,0.0,0.0
0.0,0.0,0.0
0.0,0.0,0.0
0.0,0.0,0.0
0.0,0.0,0.0
0.0,0.0,0.0
0.0,0.0,0.0
0.0,0.0,0.0
0.0,0.0,0.0
0.0,0.0,0.0
0.0,0.0,0.0
0.0,0.0,0.0
0.0,0.0,0.0
0.0,0.0,0.0
0.0,0.0,0.0
0.0,0.0,0.0
0.0,0.0,0.0
0.0,0.0,0.0
0.0,0.0,0.0
0.0,0.0,0.0
0.0,0.0,0.0
0.0,0.0,0.0
0.0,0.0,0.0
0.09863162,0.0,0.0
0.08272386,0.0,0.0
0.085230736,0.0,0.0
0.06826363,0.0,0.0
0.082736923,0.0,0.0
0.073087134,0.0,0.0
0.06398754,0.0,0.0
0.075739592,0.0,0.0
0.06987537,0.0,0.0
0.069682799,0.0,0.0
0.073080403,0.0,0.0
0.0,0.0,0.0
0.894877604,0.0,0.0
0.089343013,0.0,0.0
0.065345519,0.0,0.0
0.067827237,0.0,0.0
0.0,0.0,0.0
0.0759233659999999,0.0,0.0
0.063932613,0.0,0.0
0.0895887819999999,0.0,0.0
0.085891063,0.0,0.0
0.067534644,0.0,0.0
0.0701837759999999,0.0,0.0
0.069429169,0.0,0.0
0.073223894,0.0,0.0
0.066217605,0.0,0.0
0.062421981,0.0,0.0
0.07063684,0.0,0.0
0.068916717,0.0,0.0
0.064045422,0.0,0.0
0.06963963,0.0,0.0
0.070939419,0.0,0.0
0.069709579,0.0,0.0
0.068598365,0.0,0.0
0.0,0.0,0.0
0.0,0.0,0.0
0.063635359,0.0,0.0
0.06422909,0.0,0.0
0.070774645,0.0,0.0
0.068035847,0.0,0.0
0.071887277,0.0,0.0
0.066371174,0.0,0.0
0.073693152,0.0,0.0
0.074337182,0.0,0.0
0.081452785,0.0,0.0
0.080226873,0.0,0.0
0.075866301,0.0,0.0
0.082649088,0.0,0.0
0.067151591,0.0,0.0
0.071230778,0.0,0.0
0.064547304,0.0,0.0
0.058622577,0.0,0.0
0.0615473109999999,0.0,0.0
0.062709794,0.0,0.0
0.076483583,0.0,0.0
0.066729108,0.0,0.0
0.070420094,0.0,0.0
0.087912241,0.0,0.0
0.0,0.0,0.0
0.065736168,0.0,0.0
0.070528229,0.0,0.0
0.0714101259999999,0.0,0.0
0.0,0.0,0.0
0.071144378,0.0,0.0
0.071581309,0.0,0.0
0.081845461,0.0,0.0
0.077930015,0.0,0.0
0.077977317,0.0,0.0
0.086169364,0.0,0.0
0.083144763,0.0,0.0
0.058807518,0.0,0.0
0.082003931,0.0,0.0
0.0783869079999999,0.0,0.0
0.072364739,0.0,0.0
0.075285607,0.0,0.0
0.076338906,0.0,0.0
0.069559493,0.0,0.0
0.079055729,0.0,0.0
0.064776535,0.0,0.0
0.0,0.0,0.0
0.0651203009999999,0.0,0.0
0.081144121,0.0,0.0
0.069493738,0.0,0.0
0.07132172,0.0,0.0
0.0817491009999999,0.0,0.0
0.080946782,0.0,0.0
0.043550134,0.0,0.0
0.071189478,0.0,0.0
0.0765163329999999,0.0,0.0
0.072232337,0.0,0.0
0.0757737129999999,0.0,0.0
0.072497933,0.0,0.0
0.078945033,0.0,0.0
0.066033045,0.0,0.0
0.071879928,0.0,0.0
0.064920046,0.0,0.0
0.072398779,0.0,0.0
0.061562998,0.0,0.0
0.075128839,0.0,0.0
0.0723550479999999,0.0,0.0
0.07390092,0.0,0.0
0.064606555,0.0,0.0
0.063249826,0.0,0.0
0.079823196,0.0,0.0
0.0,0.0,0.0
0.066142584,0.0,0.0
0.082683495,0.0,0.0
0.121088107,0.0,0.0
0.078241639,0.0,0.0
0.11917909,0.0,0.0
0.082868306,0.0,0.0
0.077474031,0.0,0.0
0.076853245,0.0,0.0
0.067214002,0.0,0.0
0.0,0.0,0.0
0.0,0.0,0.0
0.0662446709999999,0.0,0.0
0.076446056,0.0,0.0
0.0832685,0.0,0.0
0.084635518,0.0,0.0
0.070059102,0.0,0.0
0.0,0.0,0.0
0.0843253,0.0,0.0
0.090023782,0.0,0.0
0.086879535,0.0,0.0
0.096119506,0.0,0.0
0.087577124,0.0,0.0
0.0,0.0,0.0
0.0,0.0,0.0
0.0,0.0,0.0
0.0,0.0,0.0
0.0,0.0,0.0
0.0,0.0,0.0
0.0,0.0,0.0
0.0,0.0,0.0
0.0,0.0,0.0
0.0,0.0,0.0
0.0,0.0,0.0
0.0,0.0,0.0
0.0,0.0,0.0
0.0,0.0,0.0
0.0,0.0,0.0
0.0,0.0,0.0
0.0,0.0,0.0
0.099778858,0.0,0.0
0.0,0.0,0.0
0.0,0.0,0.0
0.0,0.0,0.0
0.0,0.0,0.0
0.109809041,0.0,0.0
0.0,0.0,0.0
0.0,0.0,0.0
0.0880043059999999,0.0,0.0
0.0,0.0,0.0
0.0,0.0,0.0
0.0,0.0,0.0
0.0,0.0,0.0
0.0,0.0,0.0
0.0,0.0,0.0
0.085474809,0.0,0.0
0.0,0.0,0.0
0.0,0.0,0.0
0.0,0.0,0.0
0.0,0.0,0.0
0.0,0.0,0.0
0.0,0.0,0.0
0.0,0.0,0.0
0.0,0.0,0.0
0.0,0.0,0.0
0.0,0.0,0.0
0.0,0.0,0.0
0.0,0.0,0.0
0.0,0.0,0.0
0.0,0.0,0.0
0.0,0.0,0.0
0.0,0.0,0.0
0.0,0.0,0.0
0.0,0.0,0.0
0.0,0.0,0.0
0.0,0.0,0.0
0.0,0.0,0.0
0.0,0.0,0.0
0.0,0.0,0.0
0.0,0.0,0.0
0.0,0.0,0.0
0.0,0.0,0.0
0.0,0.0,0.0
0.0,0.0,0.0
0.0,0.0,0.0
0.0,0.0,0.0
0.0,0.0,0.0
0.0,0.0,0.0
0.0,0.0,0.0
0.0,0.0,0.0
0.0,0.0,0.0
0.113392589,0.0,0.0
0.153085695,0.0,0.0
0.0,0.0,0.0
0.0,0.0,0.0
0.0,0.0,0.0
0.081910849,0.0,0.0
0.0,0.0,0.0
0.0,0.0,0.0
0.0,0.0,0.0
0.0,0.0,0.0
0.0,0.0,0.0
0.0,0.0,0.0
0.0,0.0,0.0
0.0,0.0,0.0
0.0,0.0,0.0
0.0,0.0,0.0
0.0,0.0,0.0
0.0,0.0,0.0
0.0,0.0,0.0
0.0,0.0,0.0
0.0,0.0,0.0
0.0,0.0,0.0
0.0,0.0,0.0
0.0,0.0,0.0
0.0,0.0,0.0
0.0,0.0,0.0
0.0,0.0,0.0
0.0,0.0,0.0
0.0,0.0,0.0
0.0,0.0,0.0
0.0,0.0,0.0
0.0,0.0,0.0
0.0,0.0,0.0
0.0,0.0,0.0
0.0,0.0,0.0
0.0,0.0,0.0
0.0,0.0,0.0
0.0,0.0,0.0
0.0,0.0,0.0
0.0,0.0,0.0
0.0,0.0,0.0
0.0,0.0,0.0
0.0,0.0,0.0
0.0,0.0,0.0
0.0,0.0,0.0
0.0,0.0,0.0
0.0,0.0,0.0
0.0,0.0,0.0
0.0,0.0,0.0
0.0,0.0,0.0
0.0,0.0,0.0
0.0,0.0,0.0
0.0,0.0,0.0
0.0,0.0,0.0
0.0,0.0,0.0
0.0,0.0,0.0
0.0,0.0,0.0
0.0,0.0,0.0
0.0,0.0,0.0
0.0,0.0,0.0
0.0,0.0,0.0
0.0,0.0,0.0
0.0,0.0,0.0
0.0,0.0,0.0
0.0,0.0,0.0
0.0,0.0,0.0
0.0,0.0,0.0
0.0,0.0,0.0
0.0,0.0,0.0
0.0,0.0,0.0
0.0,0.0,0.0
0.0,0.0,0.0
0.0,0.0,0.0
0.0,0.0,0.0
0.0,0.0,0.0
0.0,0.0,0.0
0.0,0.0,0.0
0.0,0.0,0.0
0.0,0.0,0.0
0.0,0.0,0.0
0.0,0.0,0.0
0.0,0.0,0.0
0.0,0.0,0.0
0.0,0.0,0.0
0.0,0.0,0.0
0.0,0.0,0.0
0.0,0.0,0.0
0.0,0.0,0.0
0.0,0.0,0.0
0.0,0.0,0.0
0.0,0.0,0.0
0.0,0.0,0.0
0.0,0.0,0.0
0.0,0.0,0.0
0.0,0.0,0.0
0.0,0.0,0.0
0.0,0.0,0.0
0.0,0.0,0.0
0.0,0.0,0.0
0.0,0.0,0.0
0.0,0.0,0.0
0.0,0.0,0.0
0.0,0.0,0.0
0.0,0.0,0.0
0.0,0.0,0.0
0.0,0.0,0.0
0.0,0.0,0.0
0.0,0.0,0.0
0.0,0.0,0.0
0.0,0.0,0.0
0.0,0.0,0.0
0.0,0.0,0.0
0.0,0.0,0.0
0.0,0.0,0.0
0.0,0.0,0.0
0.0,0.0,0.0
0.0,0.0,0.0
0.0,0.0,0.0
0.0,0.0,0.0
0.074724019,0.0,0.0
0.081010018,0.0,0.0
0.072983488,0.0,0.0
0.086187639,0.0,0.0
0.081845165,0.0,0.0
0.087103692,0.0,0.0
0.084364615,0.0,0.0
0.095506993,0.0,0.0
0.065466642,0.0,0.0
0.089246559,0.0,0.0
0.067008018,0.0,0.0
0.091611182,0.0,0.0
0.078721786,0.0,0.0
0.0,0.0,0.0
0.082381546,0.0,0.0
0.116034985,0.0,0.0
0.0,0.0,0.0
0.084316413,0.0,0.0
0.086454409,0.0,0.0
0.085921212,0.0,0.0
0.0,0.0,0.0
0.078981244,0.0,0.0
0.071727986,0.0,0.0
0.08374694,0.0,0.0
0.127655029,0.0,0.0
0.0721111379999999,0.0,0.0
0.070604499,0.0,0.0
0.070273212,0.0,0.0
0.068471751,0.0,0.0
0.086299364,0.0,0.0
0.0,0.0,0.0
0.0,0.0,0.0
0.077449515,0.0,0.0
0.067616585,0.0,0.0
0.078807843,0.0,0.0
0.0727433629999999,0.0,0.0
0.0,0.0,0.0
0.0,0.0,0.0
0.0,0.0,0.0
0.0,0.0,0.0
0.080492813,0.0,0.0
0.079255867,0.0,0.0
0.099784017,0.0,0.0
0.094524997,0.0,0.0
0.0,0.0,0.0
0.0,0.0,0.0
0.0,0.0,0.0
0.148122787,0.0,0.0
0.089310208,0.0,0.0
0.072272571,0.0,0.0
0.076298205,0.0,0.0
0.072686692,0.0,0.0
0.087627718,0.0,0.0
0.09528804,0.0,0.0
0.081453664,0.0,0.0
0.079814911,0.0,0.0
0.094125643,0.0,0.0
0.083192171,0.0,0.0
0.085912533,0.0,0.0
0.084625536,0.0,0.0
0.082236197,0.0,0.0
0.0889031119999999,0.0,0.0
0.085081768,0.0,0.0
0.079566366,0.0,0.0
0.073478292,0.0,0.0
0.072119777,0.0,0.0
0.08529961,0.0,0.0
0.0,0.0,0.0
0.0,0.0,0.0
0.0,0.0,0.0
0.0,0.0,0.0
0.0,0.0,0.0
0.0,0.0,0.0
0.0,0.0,0.0
0.0,0.0,0.0
0.078008972,0.0,0.0
0.111104952,0.0,0.0
0.087882042,0.0,0.0
0.068434081,0.0,0.0
0.0,0.0,0.0
0.0,0.0,0.0
0.114406149,0.0,0.0
0.063544533,0.0,0.0
0.0,0.0,0.0
0.0,0.0,0.0
0.06955913,0.0,0.0
0.069773555,0.0,0.0
0.068620113,0.0,0.0
0.0767108609999999,0.0,0.0
0.074751744,0.0,0.0
0.074691659,0.0,0.0
0.080636783,0.0,0.0
0.073058015,0.0,0.0
0.069489793,0.0,0.0
0.072557135,0.0,0.0
0.073479031,0.0,0.0
0.071080778,0.0,0.0
0.071638993,0.0,0.0
0.07121422,0.0,0.0
0.075122619,0.0,0.0
0.08179059,0.0,0.0
0.071841574,0.0,0.0
0.137128337,0.0,0.0
0.0,0.0,0.0
0.0,0.0,0.0
0.0,0.0,0.0
0.0629711729999999,0.0,0.0
0.0,0.0,0.0
0.0,0.0,0.0
0.0,0.0,0.0
0.0,0.0,0.0
0.0,0.0,0.0
0.0,0.0,0.0
0.0,0.0,0.0
0.0,0.0,0.0
0.0,0.0,0.0
0.0,0.0,0.0
0.0,0.0,0.0
0.0,0.0,0.0
0.0,0.0,0.0
0.0,0.0,0.0
0.0,0.0,0.0
0.0,0.0,0.0
0.0,0.0,0.0
0.0,0.0,0.0
0.0,0.0,0.0
0.0,0.0,0.0
0.0,0.0,0.0
0.0,0.0,0.0
0.0,0.0,0.0
0.0,0.0,0.0
0.0,0.0,0.0
0.0,0.0,0.0
0.0,0.0,0.0
0.0,0.0,0.0
0.0,0.0,0.0
0.0,0.0,0.0
0.0,0.0,0.0
0.0,0.0,0.0
0.0,0.0,0.0
0.0,0.0,0.0
0.0,0.0,0.0
0.0,0.0,0.0
0.0,0.0,0.0
0.0,0.0,0.0
0.0,0.0,0.0
0.08347703,0.0,0.0
0.0,0.0,0.0
0.0,0.0,0.0
0.0,0.0,0.0
0.0,0.0,0.0
0.0,0.0,0.0
0.0,0.0,0.0
0.0,0.0,0.0
0.0,0.0,0.0
0.0,0.0,0.0
0.0,0.0,0.0
0.0,0.0,0.0
0.0,0.0,0.0
0.0,0.0,0.0
0.0,0.0,0.0
0.0,0.0,0.0
0.0,0.0,0.0
0.0,0.0,0.0
0.0,0.0,0.0
0.0,0.0,0.0
0.0,0.0,0.0
0.0,0.0,0.0
0.0,0.0,0.0
0.0,0.0,0.0
0.0,0.0,0.0
0.0,0.0,0.0
0.0,0.0,0.0
0.0,0.0,0.0
0.0,0.0,0.0
0.0,0.0,0.0
0.0,0.0,0.0
0.0,0.0,0.0
0.0,0.0,0.0
0.0,0.0,0.0
0.0,0.0,0.0
0.0,0.0,0.0
0.0,0.0,0.0
0.0,0.0,0.0
0.0,0.0,0.0
0.0,0.0,0.0
0.0,0.0,0.0
0.0,0.0,0.0
0.0,0.0,0.0
0.0,0.0,0.0
0.0,0.0,0.0
0.0,0.0,0.0
0.0,0.0,0.0
0.0,0.0,0.0
0.0,0.0,0.0
0.0,0.0,0.0
0.0,0.0,0.0
0.0,0.0,0.0
0.0,0.0,0.0
0.0,0.0,0.0
0.0,0.0,0.0
0.0,0.0,0.0
0.0,0.0,0.0
0.0,0.0,0.0
0.0,0.0,0.0
0.0,0.0,0.0
0.0,0.0,0.0
0.0,0.0,0.0
0.0,0.0,0.0
0.0,0.0,0.0
0.0,0.0,0.0
0.0,0.0,0.0
0.0,0.0,0.0
0.0,0.0,0.0
0.0,0.0,0.0
0.0,0.0,0.0
0.0,0.0,0.0
0.0,0.0,0.0
0.0,0.0,0.0
0.0,0.0,0.0
0.0,0.0,0.0
0.0,0.0,0.0
0.0,0.0,0.0
0.0,0.0,0.0
0.0,0.0,0.0
0.0,0.0,0.0
0.0,0.0,0.0
0.0,0.0,0.0
0.0,0.0,0.0
0.0,0.0,0.0
0.0,0.0,0.0
0.0,0.0,0.0
0.0,0.0,0.0
0.0,0.0,0.0
0.0,0.0,0.0
0.0,0.0,0.0
0.0,0.0,0.0
0.0,0.0,0.0
0.0,0.0,0.0
0.0,0.0,0.0
0.0,0.0,0.0
0.0,0.0,0.0
0.0,0.0,0.0
0.0,0.0,0.0
0.0,0.0,0.0
0.0,0.0,0.0
0.0,0.0,0.0
0.0,0.0,0.0
0.0,0.0,0.0
0.0,0.0,0.0
0.0,0.0,0.0
0.0,0.0,0.0
0.0,0.0,0.0
0.0,0.0,0.0
0.0,0.0,0.0
0.0,0.0,0.0
0.0,0.0,0.0
0.0,0.0,0.0
0.0,0.0,0.0
0.0,0.0,0.0
0.0,0.0,0.0
0.0,0.0,0.0
0.0,0.0,0.0
0.0,0.0,0.0
0.0,0.0,0.0
0.0,0.0,0.0
0.0,0.0,0.0
0.0,0.0,0.0
0.0,0.0,0.0
0.0,0.0,0.0
0.0,0.0,0.0
0.0,0.0,0.0
0.0,0.0,0.0
0.0,0.0,0.0
0.0,0.0,0.0
0.0,0.0,0.0
0.076638222,0.0,0.0
0.0,0.0,0.0
0.0,0.0,0.0
0.0,0.0,0.0
0.0,0.0,0.0
0.0,0.0,0.0
0.0,0.0,0.0
0.0,0.0,0.0
0.0,0.0,0.0
0.0,0.0,0.0
0.0,0.0,0.0
0.0,0.0,0.0
0.0,0.0,0.0
0.0,0.0,0.0
0.0,0.0,0.0
0.0,0.0,0.0
0.0,0.0,0.0
0.0,0.0,0.0
0.0,0.0,0.0
0.0,0.0,0.0
0.0,0.0,0.0
0.0,0.0,0.0
0.0,0.0,0.0
0.0,0.0,0.0
0.0,0.0,0.0
0.0,0.0,0.0
0.0,0.0,0.0
0.0,0.0,0.0
0.0,0.0,0.0
0.0,0.0,0.0
0.0,0.0,0.0
0.0,0.0,0.0
0.0,0.0,0.0
0.0,0.0,0.0
0.0,0.0,0.0
0.0,0.0,0.0
0.0,0.0,0.0
0.0,0.0,0.0
0.0,0.0,0.0
0.0,0.0,0.0
0.0,0.0,0.0
0.0,0.0,0.0
0.0,0.0,0.0
0.0,0.0,0.0
0.0,0.0,0.0
0.0,0.0,0.0
0.0,0.0,0.0
0.0,0.0,0.0
0.0,0.0,0.0
0.0,0.0,0.0
0.0,0.0,0.0
0.0,0.0,0.0
0.0,0.0,0.0
0.0,0.0,0.0
0.0,0.0,0.0
0.0,0.0,0.0
0.0,0.0,0.0
0.0,0.0,0.0
0.0,0.0,0.0
0.0,0.0,0.0
0.0,0.0,0.0
0.0,0.0,0.0
0.0,0.0,0.0
0.0,0.0,0.0
0.0,0.0,0.0
0.0,0.0,0.0
0.0,0.0,0.0
0.0,0.0,0.0
0.0,0.0,0.0
0.0,0.0,0.0
0.0,0.0,0.0
0.0,0.0,0.0
0.0,0.0,0.0
0.0,0.0,0.0
0.0,0.0,0.0
0.0,0.0,0.0
0.0,0.0,0.0
0.0,0.0,0.0
0.0,0.0,0.0
0.0,0.0,0.0
0.0,0.0,0.0
0.0,0.0,0.0
0.0,0.0,0.0
0.0,0.0,0.0
0.0,0.0,0.0
0.0,0.0,0.0
0.0,0.0,0.0
0.0,0.0,0.0
0.0,0.0,0.0
0.0,0.0,0.0
0.0,0.0,0.0
0.0,0.0,0.0
0.0,0.0,0.0
0.0,0.0,0.0
0.0,0.0,0.0
0.0,0.0,0.0
0.0,0.0,0.0
0.0,0.0,0.0
0.0,0.0,0.0
0.0,0.0,0.0
0.117964904,0.0,0.0
0.0,0.0,0.0
0.103039529,0.0,0.0
0.065186977,0.0,0.0
0.0,0.0,0.0
0.0,0.0,0.0
0.0,0.0,0.0
0.0,0.0,0.0
0.0,0.0,0.0
0.0,0.0,0.0
0.0,0.0,0.0
0.0,0.0,0.0
0.0,0.0,0.0
0.0,0.0,0.0
0.0,0.0,0.0
0.0,0.0,0.0
0.0,0.0,0.0
0.0,0.0,0.0
0.0,0.0,0.0
0.0,0.0,0.0
0.0,0.0,0.0
0.0,0.0,0.0
0.0,0.0,0.0
0.0,0.0,0.0
0.0,0.0,0.0
0.0,0.0,0.0
0.0,0.0,0.0
0.0,0.0,0.0
0.0,0.0,0.0
0.0,0.0,0.0
0.0,0.0,0.0
0.0,0.0,0.0
0.0,0.0,0.0
0.0,0.0,0.0
0.0,0.0,0.0
0.0,0.0,0.0
0.0,0.0,0.0
0.0,0.0,0.0
0.0,0.0,0.0
0.0,0.0,0.0
0.0,0.0,0.0
0.0,0.0,0.0
0.0,0.0,0.0
0.0,0.0,0.0
0.0,0.0,0.0
0.0,0.0,0.0
0.0,0.0,0.0
0.0,0.0,0.0
0.0,0.0,0.0
0.0,0.0,0.0
0.0,0.0,0.0
0.0,0.0,0.0
0.0,0.0,0.0
0.0,0.0,0.0
0.0,0.0,0.0
0.0,0.0,0.0
0.0,0.0,0.0
0.0,0.0,0.0
0.0,0.0,0.0
0.0,0.0,0.0
0.0,0.0,0.0
0.0,0.0,0.0
0.0,0.0,0.0
0.0,0.0,0.0
0.0,0.0,0.0
0.0,0.0,0.0
0.0,0.0,0.0
0.0,0.0,0.0
0.0,0.0,0.0
0.0,0.0,0.0
0.0,0.0,0.0
0.0,0.0,0.0
0.0,0.0,0.0
0.0,0.0,0.0
0.0,0.0,0.0
0.0,0.0,0.0
0.0,0.0,0.0
0.0,0.0,0.0
0.0,0.0,0.0
0.0,0.0,0.0
0.0,0.0,0.0
0.0,0.0,0.0
0.0,0.0,0.0
0.0,0.0,0.0
0.0,0.0,0.0
0.0,0.0,0.0
0.0,0.0,0.0
0.0,0.0,0.0
0.0,0.0,0.0
0.0,0.0,0.0
0.0,0.0,0.0
0.0,0.0,0.0
0.0,0.0,0.0
0.0,0.0,0.0
0.0,0.0,0.0
0.0,0.0,0.0
0.0,0.0,0.0
0.0,0.0,0.0
0.0,0.0,0.0
0.0,0.0,0.0
0.0,0.0,0.0
0.0,0.0,0.0
0.0,0.0,0.0
0.0,0.0,0.0
0.0,0.0,0.0
0.0,0.0,0.0
0.0,0.0,0.0
0.0,0.0,0.0
0.0,0.0,0.0
0.0,0.0,0.0
0.0,0.0,0.0
0.0,0.0,0.0
0.0,0.0,0.0
0.0,0.0,0.0
0.0,0.0,0.0
0.0,0.0,0.0
0.0,0.0,0.0
0.0,0.0,0.0
0.0,0.0,0.0
0.0,0.0,0.0
0.0,0.0,0.0
0.0,0.0,0.0
0.0,0.0,0.0
0.0,0.0,0.0
0.0,0.0,0.0
0.0,0.0,0.0
0.0,0.0,0.0
0.0,0.0,0.0
0.0,0.0,0.0
0.0,0.0,0.0
0.0,0.0,0.0
0.0,0.0,0.0
0.0,0.0,0.0
0.0,0.0,0.0
0.0,0.0,0.0
0.0,0.0,0.0
0.0,0.0,0.0
0.0,0.0,0.0
0.0,0.0,0.0
0.0,0.0,0.0
0.0,0.0,0.0
0.0,0.0,0.0
0.0,0.0,0.0
0.0,0.0,0.0
0.0,0.0,0.0
0.0,0.0,0.0
0.0,0.0,0.0
0.0,0.0,0.0
0.0,0.0,0.0
0.0,0.0,0.0
0.0,0.0,0.0
0.0,0.0,0.0
0.0,0.0,0.0
0.0,0.0,0.0
0.0,0.0,0.0
0.0,0.0,0.0
0.0,0.0,0.0
0.0,0.0,0.0
0.0,0.0,0.0
0.0,0.0,0.0
0.0,0.0,0.0
0.0,0.0,0.0
0.077423356,0.0,0.0
0.098985658,0.0,0.0
0.0,0.0,0.0
0.0,0.0,0.0
0.0,0.0,0.0
0.0,0.0,0.0
0.0,0.0,0.0
0.0,0.0,0.0
0.0,0.0,0.0
0.0,0.0,0.0
0.0,0.0,0.0
0.0,0.0,0.0
0.0,0.0,0.0
0.0,0.0,0.0
0.0,0.0,0.0
0.0,0.0,0.0
0.0,0.0,0.0
0.0,0.0,0.0
0.0,0.0,0.0
0.0,0.0,0.0
0.0,0.0,0.0
0.0,0.0,0.0
0.0,0.0,0.0
0.0,0.0,0.0
0.0,0.0,0.0
0.0,0.0,0.0
0.0,0.0,0.0
0.0,0.0,0.0
0.0,0.0,0.0
0.0,0.0,0.0
0.0,0.0,0.0
0.075698766,0.0,0.0
0.0,0.0,0.0
0.0,0.0,0.0
0.0,0.0,0.0
0.0,0.0,0.0
0.0,0.0,0.0
0.0,0.0,0.0
0.0,0.0,0.0
0.0,0.0,0.0
0.0,0.0,0.0
0.099804997,0.0,0.0
0.154392838,0.0,0.0
0.0,0.0,0.0
0.0,0.0,0.0
0.100179557,0.0,0.0
0.096398302,0.0,0.0
0.080038962,0.0,0.0
0.145575047,0.0,0.0
0.079540943,0.0,0.0
0.122484446,0.0,0.0
0.092316898,0.0,0.0
0.181797504,0.0,0.0
0.181043005,0.0,0.0
0.167886972,0.0,0.0
0.185409403,0.0,0.0
0.1609655619999999,0.0,0.0
0.213152885,0.0,0.0
0.256532192,0.0,0.0
0.0,0.0,0.0
0.0,0.0,0.0
0.0,0.0,0.0
0.0,0.0,0.0
0.0,0.0,0.0
0.075918346,0.0,0.0
0.088902824,0.0,0.0
0.0,0.0,0.0
0.0,0.0,0.0
0.0,0.0,0.0
0.0,0.0,0.0
0.0,0.0,0.0
0.076298019,0.0,0.0
0.078025562,0.0,0.0
0.129002392,0.0,0.0
0.0,0.0,0.0
0.0,0.0,0.0
0.0,0.0,0.0
0.0,0.0,0.0
0.0,0.0,0.0
0.0,0.0,0.0
0.0,0.0,0.0
0.0,0.0,0.0
0.0,0.0,0.0
0.0,0.0,0.0
0.0,0.0,0.0
0.0,0.0,0.0
0.0,0.0,0.0
0.0,0.0,0.0
0.0,0.0,0.0
0.0,0.0,0.0
0.0,0.0,0.0
0.0,0.0,0.0
0.0,0.0,0.0
0.0,0.0,0.0
0.0,0.0,0.0
0.0,0.0,0.0
0.0,0.0,0.0
0.0,0.0,0.0
0.0,0.0,0.0
0.0,0.0,0.0
0.0,0.0,0.0
0.0,0.0,0.0
0.0,0.0,0.0
0.0,0.0,0.0
0.0,0.0,0.0
0.0,0.0,0.0
0.0,0.0,0.0
0.0,0.0,0.0
0.0,0.0,0.0
0.0,0.0,0.0
0.0,0.0,0.0
0.0,0.0,0.0
0.0,0.0,0.0
0.0,0.0,0.0
0.088370199,0.0,0.0
0.078759973,0.0,0.0
0.083010178,0.0,0.0
0.0886169469999999,0.0,0.0
0.085390379,0.0,0.0
0.083756364,0.0,0.0
0.125853002,0.0,0.0
0.086653279,0.0,0.0
0.064589664,0.0,0.0
0.081922395,0.0,0.0
0.081532863,0.0,0.0
0.079646328,0.0,0.0
0.090795596,0.0,0.0
0.075009891,0.0,0.0
0.083280383,0.0,0.0
0.067865371,0.0,0.0
0.071016709,0.0,0.0
0.065320139,0.0,0.0
0.081546221,0.0,0.0
0.083857194,0.0,0.0
0.089255643,0.0,0.0
0.06688303,0.0,0.0
0.064959883,0.0,0.0
0.06097663,0.0,0.0
0.059792013,0.0,0.0
0.078348523,0.0,0.0
0.077374113,0.0,0.0
0.079664009,0.0,0.0
0.087771093,0.0,0.0
0.076440345,0.0,0.0
0.082591134,0.0,0.0
0.07116006,0.0,0.0
0.091661677,0.0,0.0
0.084915466,0.0,0.0
0.081899181,0.0,0.0
0.082369635,0.0,0.0
0.087235705,0.0,0.0
0.071238098,0.0,0.0
0.086916148,0.0,0.0
0.073151928,0.0,0.0
0.075275989,0.0,0.0
0.079913506,0.0,0.0
0.079200711,0.0,0.0
0.102046473,0.0,0.0
0.072009265,0.0,0.0
0.0,0.0,0.0
0.093747727,0.0,0.0
0.071929527,0.0,0.0
0.092240284,0.0,0.0
0.0860755169999999,0.0,0.0
0.103967011,0.0,0.0
0.0,0.0,0.0
0.0,0.0,0.0
0.0,0.0,0.0
0.086884194,0.0,0.0
0.117275238,0.0,0.0
0.0,0.0,0.0
0.0,0.0,0.0
0.081546437,0.0,0.0
0.0,0.0,0.0
0.0,0.0,0.0
0.0,0.0,0.0
0.0,0.0,0.0
0.082676935,0.0,0.0
0.072176677,0.0,0.0
0.1026359,0.0,0.0
0.068788141,0.0,0.0
0.076415445,0.0,0.0
0.069610348,0.0,0.0
0.074864876,0.0,0.0
0.063544522,0.0,0.0
0.099381566,0.0,0.0
0.0,0.0,0.0
0.066098839,0.0,0.0
0.077184598,0.0,0.0
0.067246207,0.0,0.0
0.0,0.0,0.0
0.07331007,0.0,0.0
0.0782399179999999,0.0,0.0
0.074598854,0.0,0.0
0.074727423,0.0,0.0
0.106285294,0.0,0.0
0.071302036,0.0,0.0
0.069261506,0.0,0.0
0.071043954,0.0,0.0
0.07251629,0.0,0.0
0.081079956,0.0,0.0
0.072769252,0.0,0.0
0.086065877,0.0,0.0
0.0839730309999999,0.0,0.0
0.080356677,0.0,0.0
0.087925255,0.0,0.0
0.0797798629999999,0.0,0.0
0.0,0.0,0.0
0.0,0.0,0.0
0.087990178,0.0,0.0
0.084475369,0.0,0.0
0.105537585,0.0,0.0
0.083881527,0.0,0.0
0.087496805,0.0,0.0
0.073710733,0.0,0.0
0.066292941,0.0,0.0
0.06467717,0.0,0.0
0.070625947,0.0,0.0
0.069643898,0.0,0.0
0.066808108,0.0,0.0
0.074006823,0.0,0.0
0.09600998,0.0,0.0
0.070130505,0.0,0.0
0.087109518,0.0,0.0
0.067063945,0.0,0.0
0.089206405,0.0,0.0
0.062315247,0.0,0.0
0.071898393,0.0,0.0
0.081883682,0.0,0.0
0.077740383,0.0,0.0
0.101794004,0.0,0.0
0.075867248,0.0,0.0
0.078512921,0.0,0.0
0.087242691,0.0,0.0
0.068022267,0.0,0.0
0.065473058,0.0,0.0
0.071137232,0.0,0.0
0.091192008,0.0,0.0
0.0838428609999999,0.0,0.0
0.084881976,0.0,0.0
0.069177867,0.0,0.0
0.065212768,0.0,0.0
0.06537169,0.0,0.0
0.0,0.0,0.0
0.0,0.0,0.0
0.066673024,0.0,0.0
0.081489706,0.0,0.0
0.087758636,0.0,0.0
0.076958272,0.0,0.0
0.081872515,0.0,0.0
0.067498434,0.0,0.0
0.077520247,0.0,0.0
0.07340019,0.0,0.0
0.077518924,0.0,0.0
0.077860681,0.0,0.0
0.081376882,0.0,0.0
0.078736668,0.0,0.0
0.081914268,0.0,0.0
0.084949445,0.0,0.0
0.085251038,0.0,0.0
0.087944,0.0,0.0
0.087185803,0.0,0.0
0.08670235,0.0,0.0
0.079396967,0.0,0.0
0.064100263,0.0,0.0
0.0,0.0,0.0
0.0,0.0,0.0
0.0,0.0,0.0
0.0,0.0,0.0
0.075937231,0.0,0.0
0.063441813,0.0,0.0
0.0888647769999999,0.0,0.0
0.0,0.0,0.0
0.0,0.0,0.0
0.0,0.0,0.0
0.0,0.0,0.0
0.0,0.0,0.0
0.0,0.0,0.0
0.066337222,0.0,0.0
0.0821807859999999,0.0,0.0
0.0,0.0,0.0
0.082968481,0.0,0.0
0.094356045,0.0,0.0
0.089771748,0.0,0.0
0.095347788,0.0,0.0
0.0887035319999999,0.0,0.0
0.079930566,0.0,0.0
0.099499519,0.0,0.0
0.093424884,0.0,0.0
0.078719417,0.0,0.0
0.074829279,0.0,0.0
0.075621686,0.0,0.0
0.081784352,0.0,0.0
0.080311402,0.0,0.0
0.094215231,0.0,0.0
0.098539943,0.0,0.0
0.063090687,0.0,0.0
0.349751279,0.0,0.0
0.078692155,0.0,0.0
0.0,0.0,0.0
0.097602643,0.0,0.0
0.079580865,0.0,0.0
0.076324244,0.0,0.0
0.0843242569999999,0.0,0.0
0.065346726,0.0,0.0
0.064352295,0.0,0.0
0.061049436,0.0,0.0
0.060983534,0.0,0.0
0.062208184,0.0,0.0
0.065034564,0.0,0.0
0.072705949,0.0,0.0
0.066192,0.0,0.0
0.0641022409999999,0.0,0.0
0.067706804,0.0,0.0
0.061213848,0.0,0.0
0.0636799,0.0,0.0
0.069782054,0.0,0.0
0.066042146,0.0,0.0
0.083272074,0.0,0.0
0.0698691259999999,0.0,0.0
0.089911461,0.0,0.0
0.0,0.0,0.0
0.0,0.0,0.0
0.0,0.0,0.0
0.0,0.0,0.0
0.0,0.0,0.0
0.0,0.0,0.0
0.0,0.0,0.0
0.0,0.0,0.0
0.0,0.0,0.0
0.070423741,0.0,0.0
0.073670626,0.0,0.0
0.0,0.0,0.0
0.066148576,0.0,0.0
0.067378998,0.0,0.0
0.059605674,0.0,0.0
0.064556568,0.0,0.0
0.064033921,0.0,0.0
0.076436295,0.0,0.0
0.068352964,0.0,0.0
0.087604841,0.0,0.0
0.065447872,0.0,0.0
0.068623924,0.0,0.0
0.073543434,0.0,0.0
0.078354799,0.0,0.0
0.073093331,0.0,0.0
0.061083667,0.0,0.0
0.076646452,0.0,0.0
0.068090503,0.0,0.0
0.081139378,0.0,0.0
0.8950121529999999,0.0,0.0
0.084473344,0.0,0.0
0.069972732,0.0,0.0
0.0764450909999999,0.0,0.0
0.082791699,0.0,0.0
0.096352205,0.0,0.0
0.0779080759999999,0.0,0.0
0.075705942,0.0,0.0
0.0721934759999999,0.0,0.0
0.064731841,0.0,0.0
0.076889346,0.0,0.0
0.06270653,0.0,0.0
0.065782364,0.0,0.0
0.070512584,0.0,0.0
0.065273208,0.0,0.0
0.0639169109999999,0.0,0.0
0.062644989,0.0,0.0
0.066731398,0.0,0.0
0.063483177,0.0,0.0
0.073762227,0.0,0.0
0.09574565,0.0,0.0
0.063987507,0.0,0.0
0.0,0.0,0.0
0.061681696,0.0,0.0
0.067545557,0.0,0.0
0.36199113,0.0,0.0
0.0678999709999999,0.0,0.0
0.0680973409999999,0.0,0.0
0.0680526809999999,0.0,0.0
0.067784277,0.0,0.0
0.071647039,0.0,0.0
0.072229549,0.0,0.0
0.071906585,0.0,0.0
0.067114268,0.0,0.0
0.099018082,0.0,0.0
0.610788546,0.0,0.0
0.073930318,0.0,0.0
0.0,0.0,0.0
0.0716903159999999,0.0,0.0
0.077011813,0.0,0.0
0.067765429,0.0,0.0
0.072177464,0.0,0.0
0.067513486,0.0,0.0
0.064085774,0.0,0.0
0.0626095409999999,0.0,0.0
0.061791321,0.0,0.0
0.072957139,0.0,0.0
0.0706370009999999,0.0,0.0
0.075139932,0.0,0.0
0.088852105,0.0,0.0
0.082308069,0.0,0.0
0.074726225,0.0,0.0
0.079228689,0.0,0.0
0.067461448,0.0,0.0
0.07496677,0.0,0.0
0.076553275,0.0,0.0
0.064552832,0.0,0.0
0.068947534,0.0,0.0
0.067166564,0.0,0.0
0.07933624,0.0,0.0
0.074044645,0.0,0.0
0.0,0.0,0.0
0.0,0.0,0.0
0.065402345,0.0,0.0
0.092749881,0.0,0.0
0.096656305,0.0,0.0
0.098988258,0.0,0.0
0.101811358,0.0,0.0
0.093130313,0.0,0.0
0.092407793,0.0,0.0
0.0,0.0,0.0
0.061650065,0.0,0.0
0.0,0.0,0.0
0.092823676,0.0,0.0
0.074424922,0.0,0.0
0.0,0.0,0.0
0.0722675159999999,0.0,0.0
0.0,0.0,0.0
0.0,0.0,0.0
0.0,0.0,0.0
0.088303709,0.0,0.0
0.063548088,0.0,0.0
0.0,0.0,0.0
0.0,0.0,0.0
0.0,0.0,0.0
0.0,0.0,0.0
0.0631364609999999,0.0,0.0
0.072994453,0.0,0.0
0.07012359,0.0,0.0
0.108550088,0.0,0.0
0.0,0.0,0.0
0.069650797,0.0,0.0
0.094860491,0.0,0.0
0.065317447,0.0,0.0
0.09187328,0.0,0.0
0.101925869,0.0,0.0
0.104564421,0.0,0.0
0.080665497,0.0,0.0
0.101051966,0.0,0.0
0.0,0.0,0.0
0.0,0.0,0.0
0.074737694,0.0,0.0
0.069878197,0.0,0.0
0.0,0.0,0.0
0.0,0.0,0.0
0.0,0.0,0.0
0.0,0.0,0.0
0.0,0.0,0.0
0.0,0.0,0.0
0.0,0.0,0.0
0.0,0.0,0.0
0.0,0.0,0.0
0.0,0.0,0.0
0.0,0.0,0.0
0.0,0.0,0.0
0.062455331,0.0,0.0
0.070857845,0.0,0.0
0.068090968,0.0,0.0
0.079217003,0.0,0.0
0.057993155,0.0,0.0
0.06279552,0.0,0.0
0.063083849,0.0,0.0
0.064707347,0.0,0.0
0.061793969,0.0,0.0
0.057134586,0.0,0.0
0.066382056,0.0,0.0
0.0657024859999999,0.0,0.0
0.075837884,0.0,0.0
0.071324852,0.0,0.0
0.072924837,0.0,0.0
0.068822214,0.0,0.0
0.067517329,0.0,0.0
0.072035726,0.0,0.0
0.069037403,0.0,0.0
0.064108242,0.0,0.0
0.060951365,0.0,0.0
0.067261475,0.0,0.0
0.063995,0.0,0.0
0.114735047,0.0,0.0
0.0,0.0,0.0
0.062882542,0.0,0.0
0.077318974,0.0,0.0
0.069855268,0.0,0.0
0.055725676,0.0,0.0
0.093738198,0.0,0.0
0.068159761,0.0,0.0
0.076422071,0.0,0.0
0.075878882,0.0,0.0
0.071253913,0.0,0.0
0.077756844,0.0,0.0
0.063601707,0.0,0.0
0.10324349,0.0,0.0
0.059044135,0.0,0.0
0.065392214,0.0,0.0
0.074960282,0.0,0.0
0.085893458,0.0,0.0
0.084598799,0.0,0.0
0.063798883,0.0,0.0
0.068831275,0.0,0.0
0.524246935,0.0,0.0
0.087101771,0.0,0.0
0.065787391,0.0,0.0
0.06919821,0.0,0.0
0.0706595429999999,0.0,0.0
0.06117666,0.0,0.0
0.078157515,0.0,0.0
0.067612386,0.0,0.0
0.089919632,0.0,0.0
0.097439289,0.0,0.0
0.066014404,0.0,0.0
0.085737173,0.0,0.0
0.064890599,0.0,0.0
0.06850619,0.0,0.0
0.06691381,0.0,0.0
0.062846575,0.0,0.0
0.074442913,0.0,0.0
0.085791861,0.0,0.0
0.066712354,0.0,0.0
0.071112197,0.0,0.0
0.060056244,0.0,0.0
0.070031968,0.0,0.0
0.095845057,0.0,0.0
0.066195699,0.0,0.0
0.081358772,0.0,0.0
0.068662967,0.0,0.0
0.108670118,0.0,0.0
0.091656786,0.0,0.0
0.099634248,0.0,0.0
0.118563,0.0,0.0
0.058717608,0.0,0.0
0.0,0.0,0.0
0.0,0.0,0.0
0.0,0.0,0.0
0.0,0.0,0.0
0.0,0.0,0.0
0.060939679,0.0,0.0
0.073384077,0.0,0.0
0.0,0.0,0.0
0.0,0.0,0.0
0.0,0.0,0.0
0.066576387,0.0,0.0
0.06964247,0.0,0.0
0.063509709,0.0,0.0
0.0644843059999999,0.0,0.0
0.061242839,0.0,0.0
0.064032585,0.0,0.0
0.067142889,0.0,0.0
0.068054505,0.0,0.0
0.066956947,0.0,0.0
0.068474389,0.0,0.0
0.092548565,0.0,0.0
0.0698718109999999,0.0,0.0
0.072714345,0.0,0.0
0.07117198,0.0,0.0
0.0748951809999999,0.0,0.0
0.083711314,0.0,0.0
0.0724034529999999,0.0,0.0
0.080385259,0.0,0.0
0.078046892,0.0,0.0
0.078197638,0.0,0.0
0.077526719,0.0,0.0
0.075176188,0.0,0.0
0.077734212,0.0,0.0
0.066790509,0.0,0.0
0.073448632,0.0,0.0
0.078631616,0.0,0.0
0.078642825,0.0,0.0
0.071975314,0.0,0.0
0.068929185,0.0,0.0
0.068208364,0.0,0.0
0.065265704,0.0,0.0
0.065391185,0.0,0.0
0.321492891,0.0,0.0
0.093553322,0.0,0.0
0.0890425719999999,0.0,0.0
0.075370373,0.0,0.0
0.080041643,0.0,0.0
0.073008225,0.0,0.0
0.080206812,0.0,0.0
0.0,0.0,0.0
0.0,0.0,0.0
0.0,0.0,0.0
0.0,0.0,0.0
0.0,0.0,0.0
0.0,0.0,0.0
0.0,0.0,0.0
0.0,0.0,0.0
0.078838386,0.0,0.0
0.099511194,0.0,0.0
0.09507214,0.0,0.0
0.07767202,0.0,0.0
0.074637525,0.0,0.0
0.070592141,0.0,0.0
0.065133319,0.0,0.0
0.069692447,0.0,0.0
0.094646682,0.0,0.0
0.0,0.0,0.0
0.08524335,0.0,0.0
0.077485182,0.0,0.0
0.0,0.0,0.0
